"0","library(shiny)"
"0","library(Hmisc)"
"2","package ‘Hmisc’ was built under R version 4.0.4"
"2","Loading required package: lattice
"
"2","Loading required package: survival
"
"2","Loading required package: Formula
"
"2","package ‘Formula’ was built under R version 4.0.3"
"2","Registered S3 method overwritten by 'htmlwidgets':
  method           from         
  print.htmlwidget tools:rstudio
"
"2","Registered S3 method overwritten by 'data.table':
  method           from
  print.data.table     
"
"2","
Attaching package: ‘Hmisc’

"
"2","The following objects are masked from ‘package:dplyr’:

    src, summarize

"
"2","The following objects are masked from ‘package:base’:

    format.pval, units

"
"0","library(tidyverse)"
"0","library(shinydashboard)"
